URL,Dernière exploration
https://carecalculus.com/ar,2026-06-13
https://carecalculus.com/ar/,2026-06-13
https://carecalculus.com/fr/anc-calculator,2026-06-13
https://carecalculus.com/fr/anc-calculator/,2026-06-13
https://carecalculus.com/drip-rate-calculator/,2026-06-13
https://carecalculus.com/ar/blog/evaluating-gcs-fluctuations-in-non-traumatic-coma-diagnostic-pitfalls-neuromonit,2026-06-13
https://carecalculus.com/ar/drip-rate-calculator/,2026-06-13
https://carecalculus.com/fr/medical-conversions,2026-06-13
https://carecalculus.com/fr/medical-conversions/,2026-06-13
https://carecalculus.com/curb65-score/,2026-06-13
https://carecalculus.com/adjusted-body-weight,2026-06-13